{
  "bonus_chest": true,
  "dimensions": {
    "minecraft:the_end": {
      "type": "minecraft:the_end",
      "generator": {
        "biome_source": {
          "type": "minecraft:the_end"
        },
        "settings": "minecraft:end",
        "type": "minecraft:noise"
      }
    },
    "lostcities:lostcity": {
      "type": "lostcities:lostcity",
      "generator": {
        "biome_source": {
          "preset": "minecraft:overworld",
          "type": "minecraft:multi_noise"
        },
        "settings": "minecraft:overworld",
        "type": "minecraft:noise"
      }
    },
    "man:halucination": {
      "type": "man:halucination",
      "generator": {
        "biome_source": {
          "biomes": [
            {
              "parameters": {
                "erosion": 0.0,
                "depth": 0.0,
                "weirdness": 0.0,
                "offset": 0.0,
                "temperature": 0.0,
                "humidity": 0.0,
                "continentalness": 0.0
              },
              "biome": "man:forest"
            }
          ],
          "type": "minecraft:multi_noise"
        },
        "settings": {
          "aquifers_enabled": true,
          "ore_veins_enabled": true,
          "legacy_random_source": false,
          "spawn_target": [],
          "sea_level": 63,
          "disable_mob_generation": false,
          "default_fluid": {
            "Properties": {
              "level": "0"
            },
            "Name": "minecraft:water"
          },
          "noise_router": {
            "final_density": {
              "argument1": {
                "argument": {
                  "argument1": 0.64,
                  "argument2": {
                    "argument": {
                      "argument": {
                        "argument1": 0.1171875,
                        "argument2": {
                          "argument1": {
                            "from_y": -64,
                            "to_y": -40,
                            "from_value": 0.0,
                            "to_value": 1.0,
                            "type": "minecraft:y_clamped_gradient"
                          },
                          "argument2": {
                            "argument1": -0.1171875,
                            "argument2": {
                              "argument1": -0.078125,
                              "argument2": {
                                "argument1": {
                                  "from_y": 240,
                                  "to_y": 256,
                                  "from_value": 1.0,
                                  "to_value": 0.0,
                                  "type": "minecraft:y_clamped_gradient"
                                },
                                "argument2": {
                                  "argument1": 0.078125,
                                  "argument2": {
                                    "max_exclusive": 1.5625,
                                    "when_in_range": {
                                      "argument1": "minecraft:overworld/sloped_cheese",
                                      "argument2": {
                                        "argument1": 5.0,
                                        "argument2": "minecraft:overworld/caves/entrances",
                                        "type": "minecraft:mul"
                                      },
                                      "type": "minecraft:min"
                                    },
                                    "when_out_of_range": {
                                      "argument1": {
                                        "argument1": {
                                          "argument1": {
                                            "argument1": {
                                              "argument1": 4.0,
                                              "argument2": {
                                                "argument": {
                                                  "noise": "minecraft:cave_layer",
                                                  "xz_scale": 1.0,
                                                  "y_scale": 8.0,
                                                  "type": "minecraft:noise"
                                                },
                                                "type": "minecraft:square"
                                              },
                                              "type": "minecraft:mul"
                                            },
                                            "argument2": {
                                              "argument1": {
                                                "input": {
                                                  "argument1": 0.27,
                                                  "argument2": {
                                                    "noise": "minecraft:cave_cheese",
                                                    "xz_scale": 1.0,
                                                    "y_scale": 0.6666666666666666,
                                                    "type": "minecraft:noise"
                                                  },
                                                  "type": "minecraft:add"
                                                },
                                                "min": -1.0,
                                                "max": 1.0,
                                                "type": "minecraft:clamp"
                                              },
                                              "argument2": {
                                                "input": {
                                                  "argument1": 1.5,
                                                  "argument2": {
                                                    "argument1": -0.64,
                                                    "argument2": "minecraft:overworld/sloped_cheese",
                                                    "type": "minecraft:mul"
                                                  },
                                                  "type": "minecraft:add"
                                                },
                                                "min": 0.0,
                                                "max": 0.5,
                                                "type": "minecraft:clamp"
                                              },
                                              "type": "minecraft:add"
                                            },
                                            "type": "minecraft:add"
                                          },
                                          "argument2": "minecraft:overworld/caves/entrances",
                                          "type": "minecraft:min"
                                        },
                                        "argument2": {
                                          "argument1": "minecraft:overworld/caves/spaghetti_2d",
                                          "argument2": "minecraft:overworld/caves/spaghetti_roughness_function",
                                          "type": "minecraft:add"
                                        },
                                        "type": "minecraft:min"
                                      },
                                      "argument2": {
                                        "max_exclusive": 0.03,
                                        "when_in_range": -1000000.0,
                                        "when_out_of_range": "minecraft:overworld/caves/pillars",
                                        "input": "minecraft:overworld/caves/pillars",
                                        "min_inclusive": -1000000.0,
                                        "type": "minecraft:range_choice"
                                      },
                                      "type": "minecraft:max"
                                    },
                                    "input": "minecraft:overworld/sloped_cheese",
                                    "min_inclusive": -1000000.0,
                                    "type": "minecraft:range_choice"
                                  },
                                  "type": "minecraft:add"
                                },
                                "type": "minecraft:mul"
                              },
                              "type": "minecraft:add"
                            },
                            "type": "minecraft:add"
                          },
                          "type": "minecraft:mul"
                        },
                        "type": "minecraft:add"
                      },
                      "type": "minecraft:blend_density"
                    },
                    "type": "minecraft:interpolated"
                  },
                  "type": "minecraft:mul"
                },
                "type": "minecraft:squeeze"
              },
              "argument2": "minecraft:overworld/caves/noodle",
              "type": "minecraft:min"
            },
            "vein_toggle": {
              "argument": {
                "max_exclusive": 51.0,
                "when_in_range": {
                  "noise": "minecraft:ore_veininess",
                  "xz_scale": 1.5,
                  "y_scale": 1.5,
                  "type": "minecraft:noise"
                },
                "when_out_of_range": 0.0,
                "input": "minecraft:y",
                "min_inclusive": -60.0,
                "type": "minecraft:range_choice"
              },
              "type": "minecraft:interpolated"
            },
            "vein_ridged": {
              "argument1": -0.07999999821186066,
              "argument2": {
                "argument1": {
                  "argument": {
                    "argument": {
                      "max_exclusive": 51.0,
                      "when_in_range": {
                        "noise": "minecraft:ore_vein_a",
                        "xz_scale": 4.0,
                        "y_scale": 4.0,
                        "type": "minecraft:noise"
                      },
                      "when_out_of_range": 0.0,
                      "input": "minecraft:y",
                      "min_inclusive": -60.0,
                      "type": "minecraft:range_choice"
                    },
                    "type": "minecraft:interpolated"
                  },
                  "type": "minecraft:abs"
                },
                "argument2": {
                  "argument": {
                    "argument": {
                      "max_exclusive": 51.0,
                      "when_in_range": {
                        "noise": "minecraft:ore_vein_b",
                        "xz_scale": 4.0,
                        "y_scale": 4.0,
                        "type": "minecraft:noise"
                      },
                      "when_out_of_range": 0.0,
                      "input": "minecraft:y",
                      "min_inclusive": -60.0,
                      "type": "minecraft:range_choice"
                    },
                    "type": "minecraft:interpolated"
                  },
                  "type": "minecraft:abs"
                },
                "type": "minecraft:max"
              },
              "type": "minecraft:add"
            },
            "vein_gap": {
              "noise": "minecraft:ore_gap",
              "xz_scale": 1.0,
              "y_scale": 1.0,
              "type": "minecraft:noise"
            },
            "erosion": "minecraft:overworld/erosion",
            "depth": "minecraft:overworld/depth",
            "ridges": "minecraft:overworld/ridges",
            "initial_density_without_jaggedness": {
              "argument1": 0.1171875,
              "argument2": {
                "argument1": {
                  "from_y": -64,
                  "to_y": -40,
                  "from_value": 0.0,
                  "to_value": 1.0,
                  "type": "minecraft:y_clamped_gradient"
                },
                "argument2": {
                  "argument1": -0.1171875,
                  "argument2": {
                    "argument1": -0.078125,
                    "argument2": {
                      "argument1": {
                        "from_y": 240,
                        "to_y": 256,
                        "from_value": 1.0,
                        "to_value": 0.0,
                        "type": "minecraft:y_clamped_gradient"
                      },
                      "argument2": {
                        "argument1": 0.078125,
                        "argument2": {
                          "input": {
                            "argument1": -0.703125,
                            "argument2": {
                              "argument1": 4.0,
                              "argument2": {
                                "argument": {
                                  "argument1": "minecraft:overworld/depth",
                                  "argument2": {
                                    "argument": "minecraft:overworld/factor",
                                    "type": "minecraft:cache_2d"
                                  },
                                  "type": "minecraft:mul"
                                },
                                "type": "minecraft:quarter_negative"
                              },
                              "type": "minecraft:mul"
                            },
                            "type": "minecraft:add"
                          },
                          "min": -64.0,
                          "max": 64.0,
                          "type": "minecraft:clamp"
                        },
                        "type": "minecraft:add"
                      },
                      "type": "minecraft:mul"
                    },
                    "type": "minecraft:add"
                  },
                  "type": "minecraft:add"
                },
                "type": "minecraft:mul"
              },
              "type": "minecraft:add"
            },
            "lava": {
              "noise": "minecraft:aquifer_lava",
              "xz_scale": 1.0,
              "y_scale": 1.0,
              "type": "minecraft:noise"
            },
            "temperature": {
              "xz_scale": 0.25,
              "y_scale": 0.0,
              "noise": "minecraft:temperature",
              "shift_x": "minecraft:shift_x",
              "shift_y": 0.0,
              "shift_z": "minecraft:shift_z",
              "type": "minecraft:shifted_noise"
            },
            "vegetation": {
              "xz_scale": 0.25,
              "y_scale": 0.0,
              "noise": "minecraft:vegetation",
              "shift_x": "minecraft:shift_x",
              "shift_y": 0.0,
              "shift_z": "minecraft:shift_z",
              "type": "minecraft:shifted_noise"
            },
            "continents": "minecraft:overworld/continents",
            "barrier": {
              "noise": "minecraft:aquifer_barrier",
              "xz_scale": 1.0,
              "y_scale": 0.5,
              "type": "minecraft:noise"
            },
            "fluid_level_floodedness": {
              "noise": "minecraft:aquifer_fluid_level_floodedness",
              "xz_scale": 1.0,
              "y_scale": 0.67,
              "type": "minecraft:noise"
            },
            "fluid_level_spread": {
              "noise": "minecraft:aquifer_fluid_level_spread",
              "xz_scale": 1.0,
              "y_scale": 0.7142857142857143,
              "type": "minecraft:noise"
            }
          },
          "surface_rule": {
            "sequence": [
              {
                "if_true": {
                  "random_name": "minecraft:bedrock_floor",
                  "true_at_and_below": {
                    "above_bottom": 0
                  },
                  "false_at_and_above": {
                    "above_bottom": 5
                  },
                  "type": "minecraft:vertical_gradient"
                },
                "then_run": {
                  "result_state": {
                    "Name": "minecraft:bedrock"
                  },
                  "type": "minecraft:block"
                },
                "type": "minecraft:condition"
              },
              {
                "if_true": {
                  "biome_is": [
                    "man:forest"
                  ],
                  "type": "minecraft:biome"
                },
                "then_run": {
                  "if_true": {
                    "type": "minecraft:above_preliminary_surface"
                  },
                  "then_run": {
                    "sequence": [
                      {
                        "if_true": {
                          "offset": 0,
                          "add_surface_depth": false,
                          "secondary_depth_range": 0,
                          "surface_type": "floor",
                          "type": "minecraft:stone_depth"
                        },
                        "then_run": {
                          "sequence": [
                            {
                              "if_true": {
                                "offset": -1,
                                "surface_depth_multiplier": 0,
                                "add_stone_depth": false,
                                "type": "minecraft:water"
                              },
                              "then_run": {
                                "result_state": {
                                  "Properties": {
                                    "snowy": "false"
                                  },
                                  "Name": "minecraft:grass_block"
                                },
                                "type": "minecraft:block"
                              },
                              "type": "minecraft:condition"
                            },
                            {
                              "result_state": {
                                "Name": "minecraft:gravel"
                              },
                              "type": "minecraft:block"
                            }
                          ],
                          "type": "minecraft:sequence"
                        },
                        "type": "minecraft:condition"
                      },
                      {
                        "if_true": {
                          "offset": 0,
                          "add_surface_depth": true,
                          "secondary_depth_range": 0,
                          "surface_type": "floor",
                          "type": "minecraft:stone_depth"
                        },
                        "then_run": {
                          "result_state": {
                            "Name": "minecraft:dirt"
                          },
                          "type": "minecraft:block"
                        },
                        "type": "minecraft:condition"
                      }
                    ],
                    "type": "minecraft:sequence"
                  },
                  "type": "minecraft:condition"
                },
                "type": "minecraft:condition"
              }
            ],
            "type": "minecraft:sequence"
          },
          "noise": {
            "min_y": -64,
            "height": 384,
            "size_horizontal": 1,
            "size_vertical": 2
          },
          "default_block": {
            "Name": "minecraft:stone"
          }
        },
        "type": "minecraft:noise"
      }
    },
    "minecraft:the_nether": {
      "type": "minecraft:the_nether",
      "generator": {
        "biome_source": {
          "preset": "minecraft:nether",
          "type": "minecraft:multi_noise"
        },
        "settings": "minecraft:nether",
        "type": "minecraft:noise"
      }
    },
    "minecraft:overworld": {
      "type": "minecraft:overworld",
      "generator": {
        "biome_source": {
          "preset": "minecraft:overworld",
          "type": "minecraft:multi_noise"
        },
        "settings": "minecraft:overworld",
        "type": "minecraft:noise"
      }
    }
  },
  "seed": -8626101824880660173,
  "generate_features": true
}