{"stats":{"minecraft:killed":{"minecraft:zombie":1},"minecraft:used":{"minecraft:dark_oak_planks":31,"minecraft:wooden_hoe":3,"bunker_down:steel_block":1,"minecraft:stone_pickaxe":31,"minecraft:stone_axe":10,"minecraft:oak_sapling":2,"minecraft:furnace":1,"bunker_down:brittle_pickaxe":6,"minecraft:potato":8,"minecraft:dark_oak_sapling":2},"minecraft:custom":{"minecraft:time_since_rest":9948,"minecraft:interact_with_furnace":8,"minecraft:sprint_one_cm":18483,"minecraft:damage_taken":150,"minecraft:walk_one_cm":71212,"minecraft:mob_kills":1,"minecraft:damage_dealt":328,"minecraft:swim_one_cm":3293,"minecraft:interact_with_crafting_table":5,"minecraft:fly_one_cm":4764,"minecraft:open_chest":19,"minecraft:crouch_one_cm":1289,"minecraft:play_time":30873,"minecraft:deaths":1,"minecraft:sneak_time":988,"minecraft:walk_under_water_one_cm":1498,"minecraft:jump":82,"minecraft:leave_game":1,"minecraft:walk_on_water_one_cm":5631,"minecraft:time_since_death":9916,"minecraft:climb_one_cm":13959,"minecraft:total_world_time":30873,"minecraft:fall_one_cm":1047},"minecraft:crafted":{"minecraft:wooden_hoe":1,"minecraft:stick":4,"minecraft:baked_potato":8,"minecraft:stone_pickaxe":1,"minecraft:furnace":1,"hunting_delight:cookedhumanmeat":4,"minecraft:dark_oak_planks":32,"minecraft:stone_axe":1,"minecraft:air":0},"minecraft:picked_up":{"minecraft:dark_oak_sapling":2,"firstaid:plaster":1,"minecraft:stick":7,"hunting_delight:humanmeat":3,"minecraft:potato":12,"minecraft:oak_log":2,"minecraft:wooden_hoe":1,"minecraft:dark_oak_log":70,"minecraft:dark_oak_planks":4,"bunker_down:steel_block":1,"minecraft:apple":2,"minecraft:stone_pickaxe":1,"hunting_delight:broken_bone":4,"minecraft:baked_potato":5,"minecraft:oak_sapling":5,"minecraft:coal":4,"minecraft:cobblestone":35},"minecraft:mined":{"treechop:chopped_log":2,"minecraft:potatoes":3,"minecraft:coal_ore":4,"bunker_down:steel_block":1,"minecraft:stone":24,"minecraft:oak_leaves":4},"minecraft:killed_by":{"minecraft:skeleton":1}},"DataVersion":3120}