{"stats":{"minecraft:killed":{"minecraft:creeper":1},"minecraft:used":{"minecraft:lever":1,"bunker_down:steel_block":12,"minecraft:stone_sword":3,"minecraft:dark_oak_log":2,"minecraft:ladder":12,"minecraft:oak_planks":12,"simpleplanes:helicopter":1,"bunker_down:airlock_iron_trapdoor":1,"bunker_down:brittle_pickaxe":3,"minecraft:potato":7,"minecraft:bone_meal":22},"minecraft:custom":{"minecraft:time_since_rest":10324,"minecraft:interact_with_furnace":4,"minecraft:sprint_one_cm":19638,"minecraft:damage_taken":290,"minecraft:walk_one_cm":65134,"minecraft:mob_kills":1,"minecraft:drop":3,"minecraft:damage_dealt":200,"minecraft:interact_with_crafting_table":3,"minecraft:fly_one_cm":26523,"minecraft:open_chest":11,"minecraft:crouch_one_cm":1258,"minecraft:play_time":35750,"minecraft:deaths":1,"minecraft:sneak_time":1173,"minecraft:walk_under_water_one_cm":4392,"minecraft:jump":91,"minecraft:leave_game":2,"minecraft:time_since_death":10246,"minecraft:walk_on_water_one_cm":6473,"minecraft:total_world_time":35786,"minecraft:climb_one_cm":15583,"minecraft:fall_one_cm":2126},"minecraft:crafted":{"minecraft:oak_planks":14,"minecraft:stick":4,"minecraft:stone_sword":1,"minecraft:bone_meal":21,"minecraft:dark_oak_planks":4},"minecraft:picked_up":{"minecraft:stick":21,"hunting_delight:humanmeat":2,"minecraft:potato":23,"minecraft:oak_log":4,"minecraft:string":3,"minecraft:dark_oak_planks":1,"minecraft:arrow":1,"minecraft:bone":2,"minecraft:stone_sword":1,"minecraft:stone_axe":3,"hunting_delight:broken_bone":14,"minecraft:cobweb":3,"minecraft:oak_sapling":1,"minecraft:oak_planks":4,"minecraft:cobblestone":3},"minecraft:dropped":{"minecraft:stone_axe":1,"hunting_delight:humanmeat":1,"firstaid:plaster":1},"minecraft:mined":{"minecraft:dark_oak_planks":1,"minecraft:potatoes":7,"minecraft:cobweb":3,"minecraft:cobblestone":3},"minecraft:killed_by":{"minecraft:skeleton":1}},"DataVersion":3120}