{
  "bunker_down:first_joined_world": {
    "criteria": {
      "first_joined_world": "2024-05-22 14:16:57 -0600"
    },
    "done": true
  },
  "ags_day_counter:day_counter_root_advancement": {
    "criteria": {
      "day_counter_root_advancement": "2024-05-22 14:16:57 -0600"
    },
    "done": true
  },
  "minecraft:adventure/adventuring_time": {
    "criteria": {
      "minecraft:snowy_taiga": "2024-05-22 14:16:58 -0600",
      "minecraft:deep_frozen_ocean": "2024-05-22 14:17:00 -0600"
    },
    "done": false
  },
  "DataVersion": 3120
}